<?xml version="1.0" encoding="UTF-8"?>
<project-private xmlns="http://www.netbeans.org/ns/project-private/1">
    <editor-bookmarks xmlns="http://www.netbeans.org/ns/editor-bookmarks/2" lastBookmarkId="0"/>
    <open-files xmlns="http://www.netbeans.org/ns/projectui-open-files/2">
        <group>
            <file>file:/E:/SEMESTER%203/PBO/Rubel%20V%20H-1/rubel/src/Model/Database.java</file>
            <file>file:/E:/SEMESTER%203/PBO/Rubel%20V%20H-1/rubel/src/Model/jadwalPengajar.java</file>
            <file>file:/E:/SEMESTER%203/PBO/Rubel%20V%20H-1/rubel/src/View/viewUser_Pelajar.java</file>
            <file>file:/E:/SEMESTER%203/PBO/Rubel%20V%20H-1/rubel/src/Model/Rubel.java</file>
            <file>file:/E:/SEMESTER%203/PBO/Rubel%20V%20H-1/rubel/src/Control/HandlerUser_LogIn.java</file>
            <file>file:/E:/SEMESTER%203/PBO/Rubel%20V%20H-1/rubel/src/View/viewAdmin.java</file>
            <file>file:/E:/SEMESTER%203/PBO/Rubel%20V%20H-1/rubel/src/View/viewUser_Pengajar.java</file>
        </group>
    </open-files>
</project-private>
